{
  "intercept": -0.5745278838414765,
  "columns": [
    "dist",
    "angle",
    "bp_left",
    "bp_right",
    "bp_head",
    "open_play",
    "set_piece"
  ],
  "coef": [
    -0.08179247650591866,
    -0.4918343568430208,
    0.0,
    0.0,
    0.0,
    -0.5745278838414765,
    1.149055767682953
  ],
  "n_samples": 248
}